Evidence ID,Category,Claim,Source,Source Type,URL,Retrieved At,Observed At,Entity,Address,Transaction Hash,Amount,Asset,Product,Evidence Status,Confidence,Linkage Status,Limitation,Notes
EXP002-EV-001,OFFICIAL UTILITY CLAIM,"“In South Korea, when paying with SUT coins, a significant discount of 30-50% is applied to platform usage fees directly operated by the company, contributing to the actual usage demand for SUT.”","supertrust.club language file, key msquare_about_section_6",LEVEL 1 — official first-party,https://supertrust.club/wp-content/themes/supertrust-v2/lang/ENG.json?ver=202606091000,2026-10-07T05:07:31Z,site content as served,SUPER TRUST,,,30–50%,fee discount,Company-operated platforms (unnamed),VERIFIED AS CLAIM,CLAIM,UTILITY CLAIM ONLY,No platform is named and no discounted transaction is published,Exact first-party wording; scope limited to South Korea and company-operated platforms
EXP002-EV-002,OFFICIAL UTILITY CLAIM,“SoloPay — Gasless Payment Gateway … Complete blockchain payments with just one signature — no gas fees required.”,"supertrust.club language file, keys solopay_section_1/2",LEVEL 1 — official first-party,https://supertrust.club/wp-content/themes/supertrust-v2/lang/ENG.json?ver=202606091000,2026-10-07T05:07:31Z,site content as served,SUPER TRUST,,,,SUT (implied by ecosystem listing),SoloPay,VERIFIED AS CLAIM,CLAIM,UTILITY CLAIM ONLY,The listing does not state that SUT is accepted in production,SoloPay is listed as an official SUT ecosystem project
EXP002-EV-003,OFFICIAL UTILITY CLAIM,“K-POP Integrated Platform — A global K-POP ecosystem platform connecting ticketing and goods.”,"supertrust.club language file, keys kpop_section_1/2",LEVEL 1 — official first-party,https://supertrust.club/wp-content/themes/supertrust-v2/lang/ENG.json?ver=202606091000,2026-10-07T05:07:31Z,site content as served,SUPER TRUST,,,,,K-POP platform,VERIFIED AS CLAIM,CLAIM,UTILITY CLAIM ONLY,No SUT payment mechanism is stated in this text,
EXP002-EV-004,OFFICIAL UTILITY CLAIM,“DeCT SuperSave aims to increase global users for the spread of SUT’s real-world platform ecosystem and to expand SUT’s actual fixed purchase tax.”,"supertrust.club language file, key msquare_supersave_section_2",LEVEL 1 — official first-party,https://supertrust.club/wp-content/themes/supertrust-v2/lang/ENG.json?ver=202606091000,2026-10-07T05:07:31Z,site content as served,SUPER TRUST,,,,SUT,DeCT SuperSave,VERIFIED AS CLAIM,CLAIM,UTILITY CLAIM ONLY,"The claim states an aim, not a measurement",The published English wording is ambiguous (“fixed purchase tax”)
EXP002-EV-005,OFFICIAL UTILITY CLAIM,“The L2U platform has opened. You can receive a discount benefit when paying with SUT.” (translated from the Korean original),SuperTrust official notice 4064,LEVEL 1 — official first-party,https://supertrust.club/notice/4064/,2026-10-07T05:07:31Z,2026-01-26T05:03:22Z,SUPER TRUST,,,,SUT,L2U,VERIFIED AS CLAIM,CLAIM,UTILITY CLAIM ONLY,"No payment record, merchant address or transaction is published","First-party dated claim of SUT payment at a named, live product"
EXP002-EV-006,OFFICIAL UTILITY CLAIM,K-POP concert confirmed as a SUT payment coin; during the priority booking period payment proceeds in SUT only; “the development team will complete the coin payment system before ticket open”,SuperTrust official notice 4101,LEVEL 1 — official first-party,https://supertrust.club/notice/4101/,2026-10-07T05:07:31Z,2026-04-11T00:00:36Z,SUPER TRUST,,,,SUT,K-POP concert ticketing,VERIFIED AS CLAIM,CLAIM,UTILITY CLAIM ONLY,The notice itself states the payment system was still to be built; the broadcaster is undisclosed,Future-tense engineering status on its own publication date
EXP002-EV-007,OFFICIAL UTILITY CLAIM,"K-MEGA Concert Sydney promotion: VIP packages (25 people), free-invitation draw (1,000 people), and a “Live Pass” limited-edition digital asset",SuperTrust official notice 4117,LEVEL 1 — official first-party,https://supertrust.club/notice/4117/,2026-10-07T05:07:31Z,2026-05-22T04:12:30Z,SUPER TRUST,,,,SUT,K-MEGA Concert Sydney,VERIFIED AS CLAIM,CLAIM,UTILITY CLAIM ONLY,Rewards are promotional allocations to holders; the notice does not describe a SUT ticket checkout,The April SUT-only payment claim is not restated here as an operating payment flow
EXP002-EV-008,OFFICIAL PAYMENT MECHANISM,"ZERO PLUS “Cryptocurrency Payment Terms of Use”, Articles 1–3: SUT coin is a means of paying content usage fees; the member selects “SUT coin payment”, the company or an affiliated payment module generates a wallet address or QR code in real time, the member remits the SUT equivalent, gas is borne by the member, and payment is completed after at least 3 confirmations","ZERO PLUS terms page (operator: SUPERTRUST Co., Ltd., business reg. 559-87-02646)",LEVEL 1 — official first-party,https://zeroplus.live/terms/virtual-currency-payment,2026-10-07T05:07:31Z,terms last amended 2026-01-26,"SUPERTRUST Co., Ltd.",,,,SUT,ZERO PLUS,VERIFIED AS CLAIM,CLAIM,UTILITY CLAIM ONLY,A freshly generated per-payment address means no stable public merchant address exists to attribute,The most specific publicly documented SUT payment procedure found in this experiment
EXP002-EV-009,OFFICIAL VALUE-CAPTURE MECHANISM,"SUT buyback: total volume 2,000,000 USDT; 1,000 SUT → 2,000 USDT; conditional on 100% SuperSave participation; applicants post their TXID in the SuperTrust channel",SuperTrust official notice 4060,LEVEL 1 — official first-party,https://supertrust.club/notice/4060/,2026-10-07T05:07:31Z,2026-01-16T07:00:52Z,SUPER TRUST,,,"2,000,000",USDT,SuperSave / buyback,VERIFIED AS CLAIM,CLAIM,UTILITY CLAIM ONLY,"No executed buyback transaction, address or settlement record is published","A buyback is a company-funded repurchase, not product revenue"
EXP002-EV-010,OFFICIAL VALUE-CAPTURE MECHANISM,"SUT buyback settled through an internal token: “buy KWT with the SUT you hold, then sell the KWT to the company”; stated price 13,100 KWT",SuperTrust official notice 4029,LEVEL 1 — official first-party,https://supertrust.club/notice/4029/,2026-10-07T05:07:31Z,2025-08-14T07:28:02Z,SUPER TRUST,,,"13,100",KWT,SuperSave / buyback,VERIFIED AS CLAIM,CLAIM,UTILITY CLAIM ONLY,"No public KWT contract was identified, so the settlement leg is not independently observable","Documents that this value-capture route passes through a second, non-public token"
EXP002-EV-011,OFFICIAL TOKEN POLICY,"KWT formally reclassified from a stablecoin to a utility coin for DeCT SuperSave operation, citing Korean stablecoin regulation; “a utility coin cannot set reserves”; KWT overseas exchange listing planned",SuperTrust official notice 4040,LEVEL 1 — official first-party,https://supertrust.club/notice/4040/,2026-10-07T05:07:31Z,2025-09-08T08:33:51Z,SUPER TRUST,,,,KWT,DeCT SuperSave,VERIFIED AS CLAIM,CLAIM,UTILITY CLAIM ONLY,Reserve backing is explicitly not applicable after the reclassification,Bears on value capture: the settlement unit is an unreserved utility token
EXP002-EV-012,OFFICIAL NOTICE,“Short-term SUT value surge strategy”: lock 60% of the member’s remaining credit balance in KWT; weekly settlement reduced by 60%; stated expectation of reduced SUT circulation and a sharp rise in SUT value,SuperTrust official notice 4098,LEVEL 1 — official first-party,https://supertrust.club/notice/4098/,2026-10-07T05:07:31Z,2026-03-30T04:00:01Z,SUPER TRUST,,,60%,KWT,SuperSave,VERIFIED AS CLAIM,CLAIM,UTILITY CLAIM ONLY,"The mechanism acts on holder lock-up and company payouts, not on product demand",Recorded strictly as a first-party claim; this project makes no price or value prediction
EXP002-EV-013,OFFICIAL CORPORATE STATEMENT,"SUPERTRUST Co., Ltd. and MSQUARE GLOBAL Co., Ltd. are separately and independently operated businesses and are not the same entity; Bolor Geo is a separate legal entity in which SuperTrust holds only a shareholding",SuperTrust official notice 4615,LEVEL 1 — official first-party,https://supertrust.club/notice/4615/,2026-10-07T05:07:31Z,2026-08-08T04:18:29Z,SUPER TRUST,,,,,,VERIFIED AS CLAIM,CLAIM,NOT APPLICABLE,A company statement; not independently verified,Consistent with frozen research item L13
EXP002-EV-014,OFFICIAL PRODUCT CLAIM,"SuperTrust app listing: “Through its SuperSave credit system and SUT (Super Trust Token), users can manage and utilize digital assets across a broad range of connected services”; DeCT records deposits, transfers and settlements on the blockchain; users accumulate SUT from connected services such as P2U rewards","Google Play and Apple App Store listings, publisher SUPER TRUST Co., Ltd",LEVEL 1 — official first-party,https://play.google.com/store/apps/details?id=io.supertrust.app,2026-10-07T05:40:00Z,listing as served,"SUPER TRUST Co., Ltd",,,,SUT,SuperTrust app,VERIFIED AS CLAIM,CLAIM,UTILITY CLAIM ONLY,"The description claims accumulation, conversion and credit recording; it does not claim merchant payment","Accumulation is distribution to users, not evidence of purchase demand"
EXP002-EV-020,PUBLIC PRODUCT AVAILABILITY,"supertrust.club is reachable and publishes a live SUT price, supply panel and the official project list",SuperTrust official website,LEVEL 1 — official first-party,https://supertrust.club/,2026-10-07T05:07:31Z,panel values stamped 2026-10-07 14:00 KST,SUPER TRUST,,,"price KRW 453; market cap KRW 85,346,890,596; total 238,403,732; burned 50,000,000; circulating 188,403,732",SUT,Corporate site,AVAILABLE,VERIFIED,NOT APPLICABLE,Panel figures are self-published and are not reconciled against an independent source here,The burn is dated 2025-08-24 on the same panel
EXP002-EV-021,PUBLIC PRODUCT AVAILABILITY,"ZERO PLUS is reachable; operator SUPERTRUST Co., Ltd.; publishes cryptocurrency-payment and electronic-financial-transaction terms; content access requires login",ZERO PLUS,LEVEL 1 — official first-party,https://zeroplus.live/,2026-10-07T05:07:31Z,,"SUPERTRUST Co., Ltd.",,,,SUT,ZERO PLUS,PARTIALLY AVAILABLE,VERIFIED,"ON-CHAIN ACTIVITY OBSERVED, PRODUCT USAGE UNVERIFIED",Checkout sits behind authentication; no SUT payment step is publicly observable,No purchase was attempted at any point in this experiment
EXP002-EV-022,PUBLIC PRODUCT AVAILABILITY,"L2U is reachable, in beta with a 20% discount offer, and its header renders a “1 SUT — KRW” rate element whose value is empty in the served HTML; operator Leisure To You Co., Ltd. (business reg. 569-87-03491), a separate company",L2U,LEVEL 1 — official first-party,https://l2u.co.kr/,2026-10-07T05:07:31Z,,"Leisure To You Co., Ltd.",,,,SUT,L2U,PARTIALLY AVAILABLE,VERIFIED,UTILITY CLAIM ONLY,"No SUT checkout option, QR code or payment confirmation is publicly observable",Confirms a SUT-denominated UI element exists; it does not evidence a payment
EXP002-EV-023,PUBLIC PRODUCT AVAILABILITY,"k-pop.supertrust.club serves a landing page titled “SuperTrust — K-MEGA Concert Sydney 2026”, while the promotion participation path /event/ returns HTTP 403",SUT x K-POP site,LEVEL 1 — official first-party,https://k-pop.supertrust.club/event/,2026-10-07T05:07:31Z,,SUPER TRUST,,,,,K-MEGA Concert Sydney,NOT PUBLICLY ACCESSIBLE,VERIFIED,DATA UNAVAILABLE,"HTTP 403 on /event, /event/, /en, /ko, /promotion and /tickets",The participation page named in official notice 4117 is not publicly reachable
EXP002-EV-024,PUBLIC PRODUCT AVAILABILITY,"MOAD is reachable; the served document carries only a title (GPS-data-based wrapping advertising platform) and the body is script-rendered, yielding no SUT reference",MOAD,LEVEL 1 — official first-party,https://www.moad.live/,2026-10-07T05:07:31Z,,,,,,,MOAD / MSQUARE ICARUS,PARTIALLY AVAILABLE,UNVERIFIED,DATA UNAVAILABLE,No static content is retrievable and no SUT payment surface was observed,
EXP002-EV-025,PUBLIC PRODUCT AVAILABILITY,"NatureBook is reachable; operator Naturebook Lab Co., Ltd.; the page contains no SUT, token or payment reference",NatureBook,LEVEL 1 — official first-party,https://naturebook.club/,2026-10-07T05:07:31Z,,"Naturebook Lab Co., Ltd.",,,,,NatureBook,AVAILABLE,VERIFIED,UTILITY CLAIM ONLY,Operated by a third party; the site copyright notice is dated 2021,"Officially listed as a SUT ecosystem project, yet no SUT surface was found on the public site"
EXP002-EV-026,PUBLIC PRODUCT AVAILABILITY,MSQ Market is reachable; operator MSQUARE GLOBAL Co. Ltd; markets SUPER SAVE and a blockchain payment system,MSQ Market,LEVEL 1 — official first-party,https://msq.market/,2026-10-07T05:07:31Z,,MSQUARE GLOBAL Co. Ltd,,,,,MSQ Market / SuperSave,AVAILABLE,VERIFIED,UTILITY CLAIM ONLY,No public SUT payment flow or merchant list is exposed,"The operator differs from SUPERTRUST Co., Ltd.; see EXP002-EV-013 and EXP002-EV-050"
EXP002-EV-027,PUBLIC PRODUCT AVAILABILITY,"The SuperTrust app is published on Google Play (4.9 stars, 2.63K reviews, 10K+ downloads, FINANCE category, in-app purchases) and on the Apple App Store (4.8 stars, 350 reviews)",Google Play and Apple App Store,LEVEL 3 — public third-party,https://play.google.com/store/apps/details?id=io.supertrust.app,2026-10-07T05:40:00Z,store listings as served,"SUPER TRUST Co., Ltd",,,10K+ downloads; 4.9 / 2.63K; 4.8 / 350,,SuperTrust app,AVAILABLE,VERIFIED,"ON-CHAIN ACTIVITY OBSERVED, PRODUCT USAGE UNVERIFIED","Store metrics are install and rating counts, not SUT payment counts",The only officially listed product with substantial measured public traction
EXP002-EV-030,PAYMENT RAIL STATUS,SoloPay developer documentation states: “The production environment is not yet publicly available. Please use the development endpoints for integration and testing.”,"Solo Pay Docs, Service Overview",LEVEL 1 — official first-party,https://guide.solonetwork.io/en/developer/introduction.html,2026-10-07T05:07:31Z,"documentation as published, © 2026 Solo Pay",Solo Network / Solo Pay,,,,,SoloPay,VERIFIED,VERIFIED,UTILITY CLAIM ONLY,A first-party statement about its own production status,Decisive for the officially listed SUT payment rail
EXP002-EV-031,PAYMENT RAIL CONFIGURATION,Every SUT example in the SoloPay documentation uses chainId 80002 (Polygon Amoy testnet) and tokenAddress 0xE4C687167705Abf55d709395f92e254bdF5825a2,"Solo Pay Docs, Payments",LEVEL 1 — official first-party,https://guide.solonetwork.io/en/payments/,2026-10-07T05:07:31Z,documentation as published,Solo Network / Solo Pay,0xE4C687167705Abf55d709395f92e254bdF5825a2,,,SUT (test deployment),SoloPay,VERIFIED,VERIFIED,REJECTED (as mainnet SUT evidence),The documented SUT examples do not use the canonical mainnet SUT contract,See EXP002-EV-040 for the on-chain identity check
EXP002-EV-032,PAYMENT RAIL STATUS,"The SoloPay production gateway responds {service: Solo Pay Gateway, version: 0.1.0, status: running, supportedChains: [137, 80002]}, while its price endpoint returns HTTP 401 UNAUTHORIZED (“Missing or invalid x-api-key header”)",Solo Pay production gateway,LEVEL 1 — official first-party,https://gateway.solonetwork.io/,2026-10-07T05:07:31Z,2026-10-07T05:10:00Z,Solo Network / Solo Pay,,,,,SoloPay,PARTIALLY VERIFIED,VERIFIED,DATA UNAVAILABLE,"The service is reachable and declares mainnet support, but all payment and merchant data is behind authentication","This observation stands beside, not against, the documentation statement in EXP002-EV-030"
EXP002-EV-033,PAYMENT RAIL ARTEFACT,"npm packages @solo-pay/widget-js (9 versions, 2026-02-11 to 2026-08-18, latest 0.2.0) and @solo-pay/widget-react (0.1.6) are published publicly and declare the repository github.com/supertrust/solo-pay",npm registry,LEVEL 3 — public third-party,https://registry.npmjs.org/@solo-pay/widget-js,2026-10-07T05:20:00Z,publish timestamps as recorded by the registry,Solo Pay,,,9 versions,,SoloPay,VERIFIED,VERIFIED,UTILITY CLAIM ONLY,"Package publication evidences active development, not production payment activity",github.com/supertrust/solo-pay returns 404 to an authenticated API query: the source is not public
EXP002-EV-034,PAYMENT RAIL AVAILABILITY,"The only publicly reachable SoloPay checkout is the sample merchant “SOLO ROASTERS”, which states: “A SoloPay demo store. No physical orders are shipped.”",Solo Pay sample merchant (development environment),LEVEL 1 — official first-party,https://sample-merchant.dev.solonetwork.io/,2026-10-07T05:07:31Z,,Solo Network / Solo Pay,,,listed items $1.00–$30.00,,SoloPay demo store,AVAILABLE,VERIFIED,REJECTED (as product usage evidence),A self-declared demo store on the development environment,No order was placed
EXP002-EV-035,OFFICIAL ANNOUNCEMENT COVERAGE,"Zero of the 30 official SuperTrust notices published between 2024-12-09 and 2026-08-08 mention SoloPay, Solo Pay or solonetwork",SuperTrust notice corpus via the WordPress REST API,LEVEL 1 — official first-party,https://supertrust.club/wp-json/wp/v2/notice?per_page=100,2026-10-07T05:07:31Z,notices dated 2024-12-09 to 2026-08-08,SUPER TRUST,,,0 of 30,,SoloPay,VERIFIED,VERIFIED,NOT APPLICABLE,Absence from the notice corpus is not absence of the product,The full corpus was retrieved and searched; the result is reproducible
EXP002-EV-040,TOKEN IDENTITY,"Mainnet SUT reads symbol “SUT” and totalSupply 238,403,732 × 10^18 at 0x98965474ecbec2f532f1f780ee37b0b05f77ca55 on chain 137. The SoloPay example token 0xE4C687167705Abf55d709395f92e254bdF5825a2 reads symbol “SUT” / name “SUPER TRUST” with identical supply on Amoy (80002), and symbol “TEST-USDT” / name “Tether USDT” on mainnet",Polygon RPC eth_call,LEVEL 2 — blockchain,https://polygon-bor-rpc.publicnode.com,2026-10-07T05:17:19Z,"mainnet block 95,096,215; Amoy latest",,0x98965474ecbec2f532f1f780ee37b0b05f77ca55 / 0xE4C687167705Abf55d709395f92e254bdF5825a2,,"238,403,732",SUT,,VERIFIED,VERIFIED,REJECTED (the two tokens are distinct),A contract-level read; no explorer label is required,Establishes that documented SoloPay SUT activity cannot be mainnet SUT activity
EXP002-EV-041,ON-CHAIN ACTIVITY,"Mainnet SUT Transfer events in blocks 95,056,696–95,096,695: 473 transfer legs across 399 distinct transactions, 251 distinct senders, 139 distinct receivers, 1,597,936.78 SUT gross moved",Polygon RPC eth_getLogs,LEVEL 2 — blockchain,https://polygon-bor-rpc.publicnode.com,2026-10-07T05:17:19Z,2026-10-06T12:36:37Z to 2026-10-07T05:17:08Z,,0x98965474ecbec2f532f1f780ee37b0b05f77ca55,,"473 legs / 1,597,936.78",SUT,,VERIFIED,VERIFIED,"ON-CHAIN ACTIVITY OBSERVED, PRODUCT USAGE UNVERIFIED",The gross transfer sum is not trading volume and is barred from volume fields by evidence-model.md §6.1a,A 16 h 40 m window; the full log set is stored in work/exp-002/onchain-transfers.json
EXP002-EV-042,ON-CHAIN ACTIVITY,"Only 99 of the 473 transfer legs touch the Uniswap V3 SUT/USDT pool (48 pool-out and 51 pool-in, 22,180 and 24,632 SUT); 374 legs do not touch the pool at all",Polygon RPC eth_getLogs,LEVEL 2 — blockchain,https://polygon-bor-rpc.publicnode.com,2026-10-07T05:17:19Z,2026-10-06T12:36:37Z to 2026-10-07T05:17:08Z,,0x092295c92bab5e734c4a60dbc0f0ffdcdfc4e165,,374 of 473 legs,SUT,,VERIFIED,VERIFIED,"ON-CHAIN ACTIVITY OBSERVED, PRODUCT USAGE UNVERIFIED",Non-pool transfers carry no intent on chain,Most observed SUT movement is non-market transfer activity
EXP002-EV-043,ON-CHAIN ACTIVITY,"Address 0xaaa4d5dd…cc2c (EOA) received 185 SUT transfer legs from 165 distinct senders totalling 31,088 SUT and sent zero SUT in the window; per-sender amounts min 28, median 70, max 5,250 SUT",Polygon RPC eth_getLogs and eth_getCode,LEVEL 2 — blockchain,https://polygon-bor-rpc.publicnode.com,2026-10-07T05:27:14Z,2026-10-06T12:36:37Z to 2026-10-07T05:17:08Z,,0xaaa4d5dd26eb1a2afe5fd5fb529fc24cee89cc2c,,"31,088",SUT,,VERIFIED,VERIFIED,"ON-CHAIN ACTIVITY OBSERVED, PRODUCT USAGE UNVERIFIED",A many-to-one collection shape is consistent with several mechanisms; intent is not determinable on chain,"The frozen research records this address as top-10 holder #4, an unlabelled EOA"
EXP002-EV-044,ON-CHAIN ACTIVITY,"In the same window 0xaaa4d5dd…cc2c sent USDT in 1 leg (37,000 USDT to a single address) and received USDT in 25 legs (4,370 USDT from 25 addresses); zero of the 165 SUT senders received USDT from this address",Polygon RPC eth_getLogs,LEVEL 2 — blockchain,https://polygon-bor-rpc.publicnode.com,2026-10-07T05:27:14Z,2026-10-06T12:36:37Z to 2026-10-07T05:17:08Z,,0xaaa4d5dd26eb1a2afe5fd5fb529fc24cee89cc2c,,"37,000 out / 4,370 in",USDT,,VERIFIED,VERIFIED,REJECTED (same-window buyback-settlement shape),A single window cannot exclude settlement on another rail or at another time,"Tests, and does not support, a same-window SUT-in / USDT-out exchange pattern"
EXP002-EV-045,ADDRESS CLASSIFICATION,"Of the eight most active addresses, four are EOAs (0xaaa4d5dd…cc2c, 0x0d070796…92fe, 0x0186f74b…5ad9, 0x4e5bc1cd…8c55) and four are contracts (0x092295c9…e165 the contract-verified pool, plus 0x3d90f66b…6be9, 0x278d858f…f8d2 and 0x41d8e95a…8e90)",Polygon RPC eth_getCode,LEVEL 2 — blockchain,https://polygon-bor-rpc.publicnode.com,2026-10-07T05:17:19Z,"block 95,096,695",,see claim,,8 addresses,SUT,,VERIFIED,VERIFIED,ADDRESS OWNERSHIP UNVERIFIED,Contract-versus-EOA is determinable from chain state; ownership is not,"0x3d90f66b and 0x41d8e95a show equal in/out leg counts and equal amounts, a pass-through shape"
EXP002-EV-046,ADDRESS ATTRIBUTION,DATA UNAVAILABLE,Blockscout address API and PolygonScan address pages,LEVEL 2 — blockchain,https://polygon.blockscout.com/api/v2/addresses/,2026-10-07T05:36:00Z,,,,,,,,DATA UNAVAILABLE,UNVERIFIED,ADDRESS OWNERSHIP UNVERIFIED,"Both explorers returned HTTP 403 behind a Cloudflare interstitial, so no public label could be retrieved","No address in this experiment is publicly attributed to SuperTrust, MSQUARE, SoloPay, a merchant or an exchange"
EXP002-EV-050,LINKAGE MECHANISM,"The official SuperTrust website calls GET https://api.msq.market/super-save/public/dect-transaction-details/{txid} and renders startDate, endDate, amount and currency plus a polygonscan.com/tx/{hash} link. The endpoint discriminates: HTTP 200 for a record, HTTP 404 “Transaction not found”, HTTP 400 “Invalid TXID format”",supertrust.club client source,LEVEL 1 — official first-party,https://supertrust.club/,2026-10-07T05:07:31Z,site code as served,SUPER TRUST / MSQUARE GLOBAL (api.msq.market),,,,,DeCT SuperSave,VERIFIED,VERIFIED,NOT APPLICABLE,"The endpoint is operated on an MSQUARE GLOBAL domain while notice 4615 states the two companies are independent — recorded for human review, with no ownership conclusion drawn here",The only first-party public transaction-to-product linkage mechanism identified
EXP002-EV-051,LINKAGE TEST,"All 399 distinct mainnet SUT transactions from blocks 95,056,696–95,096,695 were submitted to the official DeCT endpoint; 399 of 399 returned HTTP 404 “Transaction not found” and none matched",api.msq.market DeCT public endpoint,LEVEL 1 — official first-party,https://api.msq.market/super-save/public/dect-transaction-details/,2026-10-07T05:24:39Z / retried 2026-10-07T05:30:56Z,on-chain window 2026-10-06T12:36:37Z to 2026-10-07T05:17:08Z,,0x98965474ecbec2f532f1f780ee37b0b05f77ca55,399 hashes stored in work/exp-002/dect-linkage.json,0 of 399 matched,SUT,DeCT SuperSave,VERIFIED,VERIFIED,"ON-CHAIN ACTIVITY OBSERVED, PRODUCT USAGE UNVERIFIED","The endpoint’s ability to return a positive was not established, so this negative does not prove that no DeCT activity exists",Complete and reproducible: 102 initially rate-limited queries were retried to a conclusive status
EXP002-EV-052,LINKAGE INSTRUMENT CHECK,"26 USDT transactions involving 0xaaa4d5dd…cc2c in the same window were submitted to the same endpoint; 26 of 26 returned HTTP 404, so across 425 real transactions of two assets the endpoint returned no positive",api.msq.market DeCT public endpoint,LEVEL 1 — official first-party,https://api.msq.market/super-save/public/dect-transaction-details/,2026-10-07T05:34:04Z,on-chain window 2026-10-06T12:36:37Z to 2026-10-07T05:17:08Z,,0xc2132d05d31c914a87c6611c10748aeb04b58e8f,26 hashes stored in work/exp-002/instrument-check.json,0 of 26 matched,USDT,DeCT SuperSave,INCONCLUSIVE,UNVERIFIED,DATA UNAVAILABLE,Instrument sensitivity remains unestablished because no known-positive transaction hash is published anywhere public,This limits the strength of EXP002-EV-051 and is reported as such
EXP002-EV-053,LINKAGE TEST,DATA UNAVAILABLE,"a SUT transaction tied to a named product, merchant, order or receipt",LEVEL 2 — blockchain,,2026-10-07T05:24:39Z / retried 2026-10-07T05:30:56Z,,,,,0 verified,SUT,any,DATA UNAVAILABLE,UNVERIFIED,"ON-CHAIN ACTIVITY OBSERVED, PRODUCT USAGE UNVERIFIED","No public order ID, payment reference or receipt exists for any SUT transaction examined","Not one transaction in this experiment could be tied to a product, merchant or purchase"
EXP002-EV-054,VALUE CAPTURE,DATA UNAVAILABLE,"verified SUT payment count, payment volume, merchant count or repeat-usage series",LEVEL 2 — blockchain,,2026-10-07T05:24:39Z / retried 2026-10-07T05:30:56Z,,,,,none measurable,SUT,any,DATA UNAVAILABLE,UNVERIFIED,DATA UNAVAILABLE,Every proposed value-capture indicator requires a product-side identifier that is not public,No value-capture metric can be computed from public evidence
EXP002-EV-055,SETTLEMENT TOKEN,DATA UNAVAILABLE,a public KWT token contract on Polygon,LEVEL 2 — blockchain,,2026-10-07T05:45:00Z,,,,,,KWT,DeCT SuperSave,DATA UNAVAILABLE,UNVERIFIED,DATA UNAVAILABLE,"No KWT contract address is published by the official site, by its notice corpus, or by public search results",The DeCT settlement unit named in official notices is not independently observable on chain
